id,first_name,last_name,email
2,Myranda,Tire,mtire1@vkontakte.ru
3,Remus,Dorian,rdorian2@twitpic.com
4,Stesha,Suddock,ssuddock3@ycombinator.com
5,Serge,Daws,sdaws4@usgs.gov
6,Ettie,Maddison,emaddison5@fastcompany.com
7,Giffy,Biernat,gbiernat6@fastcompany.com
8,Vitoria,Ommundsen,vommundsen7@narod.ru
9,Mirella,Wisden,mwisden8@homestead.com
10,Ami,Santus,asantus9@archive.org
11,Otto,Hursthouse,ohursthousea@wordpress.com
12,Sherrie,Pelos,spelosb@ucsd.edu
13,Doreen,Loyndon,dloyndonc@columbia.edu
14,Raddy,Maber,rmaberd@ihg.com
15,Coralie,Pechan,cpechane@netlog.com
16,Ira,Allmann,iallmannf@ucoz.com
17,Silvester,Siseland,ssiselandg@smh.com.au
18,Raviv,Dwane,rdwaneh@amazon.co.jp
19,Rianon,Wansbury,rwansburyi@marketwatch.com
20,Zacharie,Vardey,zvardeyj@wufoo.com
21,Ofelia,Meriet,omerietk@domainmarket.com
22,Minta,Du Fray,mdufrayl@cmu.edu
23,Baillie,McDougal,bmcdougalm@dagondesign.com
24,Dunstan,Schimpke,dschimpken@nih.gov
25,Ab,Dackombe,adackombeo@un.org
26,Cyrillus,Lakin,clakinp@indiegogo.com
27,Jori,Gully,jgullyq@flickr.com
28,Brod,Besse,bbesser@taobao.com
29,Edie,Corderoy,ecorderoys@nationalgeographic.com
30,Ethe_is_back,Book,ebook0@twitter.com