id,first_name,last_name,email,ip_address
1,Ethe,Book,ebook0@twitter.com,67.61.243.220
2,Myranda,Tire,mtire1@vkontakte.ru,151.194.73.229
3,Remus,Dorian,rdorian2@twitpic.com,204.220.73.121
4,Stesha,Suddock,ssuddock3@ycombinator.com,113.182.132.211
5,Serge,Daws,sdaws4@usgs.gov,111.173.74.111
6,Ettie,Maddison,emaddison5@fastcompany.com,35.1.210.212
7,Giffy,Biernat,gbiernat6@fastcompany.com,52.23.72.93
8,Vitoria,Ommundsen,vommundsen7@narod.ru,94.239.171.99
9,Mirella,Wisden,mwisden8@homestead.com,104.209.4.89
10,Ami,Santus,asantus9@archive.org,235.3.35.99
11,Otto,Hursthouse,ohursthousea@wordpress.com,84.230.160.212
12,Sherrie,Pelos,spelosb@ucsd.edu,115.16.84.201
13,Doreen,Loyndon,dloyndonc@columbia.edu,154.58.216.20
14,Raddy,Maber,rmaberd@ihg.com,179.253.223.80
15,Coralie,Pechan,cpechane@netlog.com,83.224.237.7
16,Ira,Allmann,iallmannf@ucoz.com,209.175.60.153
17,Silvester,Siseland,ssiselandg@smh.com.au,5.12.55.221
18,Raviv,Dwane,rdwaneh@amazon.co.jp,178.115.168.254
19,Rianon,Wansbury,rwansburyi@marketwatch.com,250.153.130.70
20,Zacharie,Vardey,zvardeyj@wufoo.com,91.69.105.86
21,Ofelia,Meriet,omerietk@domainmarket.com,118.193.26.70
22,Minta,Du Fray,mdufrayl@cmu.edu,224.152.143.125
23,Baillie,McDougal,bmcdougalm@dagondesign.com,118.36.198.87
24,Dunstan,Schimpke,dschimpken@nih.gov,39.137.225.135
25,Ab,Dackombe,adackombeo@un.org,163.98.82.166
26,Cyrillus,Lakin,clakinp@indiegogo.com,154.155.120.48
27,Jori,Gully,jgullyq@flickr.com,186.239.179.225
28,Brod,Besse,bbesser@taobao.com,62.50.230.144
29,Edie,Corderoy,ecorderoys@nationalgeographic.com,57.217.190.44